﻿<?xml version="1.0"?>
<dpInst>

    <language code="0x0401"><!-- Arabic (Saudi Arabia) -->
        <dpinstTitle>B &amp; B USB-to-Serial Driver</dpinstTitle>
        <welcomeTitle>B &amp;&amp; B USB-to-Serial Driver</welcomeTitle>
        <eula type="txt" path="Data\eula0409.txt" />
        <finishTitle>B &amp;&amp; B USB-to-Serial Driver</finishTitle>
    </language>

    <language code="0x0804"><!-- Chinese (People's Republic of China) -->
        <dpinstTitle>B &amp; B USB-to-Serial Driver</dpinstTitle>
        <welcomeTitle>B &amp;&amp; B USB-to-Serial Driver</welcomeTitle>
        <eula type="txt" path="Data\eula0409.txt" />
        <finishTitle>B &amp;&amp; B USB-to-Serial Driver</finishTitle>
    </language>

    <language code="0x0404"><!-- Chinese (Taiwan) -->
        <dpinstTitle>B &amp; B USB-to-Serial Driver</dpinstTitle>
        <welcomeTitle>B &amp;&amp; B USB-to-Serial Driver</welcomeTitle>
        <eula type="txt" path="Data\eula0409.txt" />
        <finishTitle>B &amp;&amp; B USB-to-Serial Driver</finishTitle>
    </language>

    <language code="0x0405"><!-- Czech (Czech Republic) -->
        <dpinstTitle>B &amp; B USB-to-Serial Driver</dpinstTitle>
        <welcomeTitle>B &amp;&amp; B USB-to-Serial Driver</welcomeTitle>
        <eula type="txt" path="Data\eula0409.txt" />
        <finishTitle>B &amp;&amp; B USB-to-Serial Driver</finishTitle>
    </language>

    <language code="0x0406"><!-- Danish (Denmark) -->
        <dpinstTitle>B &amp; B USB-to-Serial Driver</dpinstTitle>
        <welcomeTitle>B &amp;&amp; B USB-to-Serial Driver</welcomeTitle>
        <eula type="txt" path="Data\eula0409.txt" />
        <finishTitle>B &amp;&amp; B USB-to-Serial Driver</finishTitle>
    </language>

    <language code="0x0409"><!-- English (United States) -->
        <dpinstTitle>B &amp; B USB-to-Serial Driver</dpinstTitle>
        <welcomeTitle>B &amp;&amp; B USB-to-Serial Driver</welcomeTitle>
        <eula type="txt" path="Data\eula0409.txt" />
        <finishTitle>B &amp;&amp; B USB-to-Serial Driver</finishTitle>
    </language>

    <language code="0x0407"><!-- German (Germany) -->
        <dpinstTitle>B &amp; B USB-to-Serial Driver</dpinstTitle>
        <welcomeTitle>B &amp;&amp; B USB-to-Serial Driver</welcomeTitle>
        <eula type="txt" path="Data\eula0409.txt" />
        <finishTitle>B &amp;&amp; B USB-to-Serial Driver</finishTitle>
    </language>

    <language code="0x0C0A"><!-- Spanish - Modern Sort (Spain) -->
        <dpinstTitle>B &amp; B USB-to-Serial Driver</dpinstTitle>
        <welcomeTitle>B &amp;&amp; B USB-to-Serial Driver</welcomeTitle>
        <eula type="txt" path="Data\eula0409.txt" />
        <finishTitle>B &amp;&amp; B USB-to-Serial Driver</finishTitle>
    </language>

    <language code="0x040B"><!-- Finnish (Finland) -->
        <dpinstTitle>B &amp; B USB-to-Serial Driver</dpinstTitle>
        <welcomeTitle>B &amp;&amp; B USB-to-Serial Driver</welcomeTitle>
        <eula type="txt" path="Data\eula0409.txt" />
        <finishTitle>B &amp;&amp; B USB-to-Serial Driver</finishTitle>
    </language>

    <language code="0x040C"><!-- French (France) -->
        <dpinstTitle>B &amp; B USB-to-Serial Driver</dpinstTitle>
        <welcomeTitle>B &amp;&amp; B USB-to-Serial Driver</welcomeTitle>
        <eula type="txt" path="Data\eula0409.txt" />
        <finishTitle>B &amp;&amp; B USB-to-Serial Driver</finishTitle>
    </language>

    <language code="0x040D"><!-- Hebrew (Israel) -->
        <dpinstTitle>B &amp; B USB-to-Serial Driver</dpinstTitle>
        <welcomeTitle>B &amp;&amp; B USB-to-Serial Driver</welcomeTitle>
        <eula type="txt" path="Data\eula0409.txt" />
        <finishTitle>B &amp;&amp; B USB-to-Serial Driver</finishTitle>
    </language>

    <language code="0x040E"><!-- Hungarian (Hungary) -->
        <dpinstTitle>B &amp; B USB-to-Serial Driver</dpinstTitle>
        <welcomeTitle>B &amp;&amp; B USB-to-Serial Driver</welcomeTitle>
        <eula type="txt" path="Data\eula0409.txt" />
        <finishTitle>B &amp;&amp; B USB-to-Serial Driver</finishTitle>
    </language>

    <language code="0x0410"><!-- Italian (Italy) -->
        <dpinstTitle>B &amp; B USB-to-Serial Driver</dpinstTitle>
        <welcomeTitle>B &amp;&amp; B USB-to-Serial Driver</welcomeTitle>
        <eula type="txt" path="Data\eula0409.txt" />
        <finishTitle>B &amp;&amp; B USB-to-Serial Driver</finishTitle>
    </language>

    <language code="0x0411"><!-- Japanese (Japan) -->
        <dpinstTitle>B &amp; B USB-to-Serial Driver</dpinstTitle>
        <welcomeTitle>B &amp;&amp; B USB-to-Serial Driver</welcomeTitle>
        <eula type="txt" path="Data\eula0409.txt" />
        <finishTitle>B &amp;&amp; B USB-to-Serial Driver</finishTitle>
    </language>

    <language code="0x0412"><!-- Korean (Korea) -->
        <dpinstTitle>B &amp; B USB-to-Serial Driver</dpinstTitle>
        <welcomeTitle>B &amp;&amp; B USB-to-Serial Driver</welcomeTitle>
        <eula type="txt" path="Data\eula0409.txt" />
        <finishTitle>B &amp;&amp; B USB-to-Serial Driver</finishTitle>
    </language>

    <language code="0x0414"><!-- Norwegian (Bokmål) (Norway) -->
        <dpinstTitle>B &amp; B USB-to-Serial Driver</dpinstTitle>
        <welcomeTitle>B &amp;&amp; B USB-to-Serial Driver</welcomeTitle>
        <eula type="txt" path="Data\eula0409.txt" />
        <finishTitle>B &amp;&amp; B USB-to-Serial Driver</finishTitle>
    </language>

    <language code="0x0413"><!-- Dutch (Netherlands) -->
        <dpinstTitle>B &amp; B USB-to-Serial Driver</dpinstTitle>
        <welcomeTitle>B &amp;&amp; B USB-to-Serial Driver</welcomeTitle>
        <eula type="txt" path="Data\eula0409.txt" />
        <finishTitle>B &amp;&amp; B USB-to-Serial Driver</finishTitle>
    </language>

    <language code="0x0415"><!-- Polish (Poland) -->
        <dpinstTitle>B &amp; B USB-to-Serial Driver</dpinstTitle>
        <welcomeTitle>B &amp;&amp; B USB-to-Serial Driver</welcomeTitle>
        <eula type="txt" path="Data\eula0409.txt" />
        <finishTitle>B &amp;&amp; B USB-to-Serial Driver</finishTitle>
    </language>

    <language code="0x0416"><!-- Portuguese (Brazil) -->
        <dpinstTitle>B &amp; B USB-to-Serial Driver</dpinstTitle>
        <welcomeTitle>B &amp;&amp; B USB-to-Serial Driver</welcomeTitle>
        <eula type="txt" path="Data\eula0409.txt" />
        <finishTitle>B &amp;&amp; B USB-to-Serial Driver</finishTitle>
    </language>

    <language code="0x0816"><!-- Portuguese (Portugal) -->
        <dpinstTitle>B &amp; B USB-to-Serial Driver</dpinstTitle>
        <welcomeTitle>B &amp;&amp; B USB-to-Serial Driver</welcomeTitle>
        <eula type="txt" path="Data\eula0409.txt" />
        <finishTitle>B &amp;&amp; B USB-to-Serial Driver</finishTitle>
    </language>

    <language code="0x0419"><!-- Russian (Russia) -->
        <dpinstTitle>B &amp; B USB-to-Serial Driver</dpinstTitle>
        <welcomeTitle>B &amp;&amp; B USB-to-Serial Driver</welcomeTitle>
        <eula type="txt" path="Data\eula0409.txt" />
        <finishTitle>B &amp;&amp; B USB-to-Serial Driver</finishTitle>
    </language>

    <language code="0x041D"><!-- Swedish (Sweden) -->
        <dpinstTitle>B &amp; B USB-to-Serial Driver</dpinstTitle>
        <welcomeTitle>B &amp;&amp; B USB-to-Serial Driver</welcomeTitle>
        <eula type="txt" path="Data\eula0409.txt" />
        <finishTitle>B &amp;&amp; B USB-to-Serial Driver</finishTitle>
    </language>

    <language code="0x041F"><!-- Turkish (Turkey) -->
        <dpinstTitle>B &amp; B USB-to-Serial Driver</dpinstTitle>
        <welcomeTitle>B &amp;&amp; B USB-to-Serial Driver</welcomeTitle>
        <eula type="txt" path="Data\eula0409.txt" />
        <finishTitle>B &amp;&amp; B USB-to-Serial Driver</finishTitle>
    </language>

    <enableNotListedLanguages />

    <!-- icon>Eula.ico</icon -->
    <headerPath>Data\TopImage.bmp</headerPath>
    <watermarkPath>Data\SideImage.bmp</watermarkPath>
    <!-- promptIfDriverIsNotBetter -->
    <deleteBinaries/>

    <group>
        <package path="Drivers\ftdibus.inf" />
        <package path="Drivers\ftdiport.inf" />
        <installAllOrNone />
    </group>
</dpInst>
